Date,Daily_Patients,Emergency_Cases,ICU_Admissions,Discharge_Count,Available_Beds,Available_ICU_Beds,Total_Beds,Total_ICU_Beds,Doctors_On_Duty,Nurses_On_Duty,ICU_Nurses,Is_Holiday,Temperature,DayOfWeek,Month,DayOfYear
2022-01-01,164,41,21,218,239,20,350,45,31,100,28,1,17.8,5,1,1
2022-01-02,169,49,19,247,219,29,350,45,31,101,27,0,15.9,6,1,2
2022-01-03,225,56,26,268,199,25,350,45,34,108,31,0,15.3,0,1,3
2022-01-04,193,34,22,142,209,30,350,45,32,104,29,0,12.5,1,1,4
2022-01-05,227,48,28,138,224,7,350,45,34,108,32,0,17.8,2,1,5
2022-01-06,225,48,26,194,214,22,350,45,34,108,31,0,19.3,3,1,6
2022-01-07,238,63,31,154,209,9,350,45,34,109,33,0,13.4,4,1,7
2022-01-08,194,54,22,194,228,21,350,45,32,104,29,0,10.7,5,1,8
2022-01-09,156,51,18,189,239,29,350,45,31,99,27,0,18.4,6,1,9
2022-01-10,203,64,20,190,195,26,350,45,33,105,28,0,20.0,0,1,10
2022-01-11,263,69,30,168,174,14,350,45,35,112,33,0,17.4,1,1,11
2022-01-12,245,49,31,134,190,17,350,45,34,110,33,0,17.2,2,1,12
2022-01-13,222,48,29,181,215,16,350,45,33,107,32,0,21.0,3,1,13
2022-01-14,217,46,25,228,223,11,350,45,33,107,30,0,18.3,4,1,14
2022-01-15,183,55,22,204,270,11,350,45,32,102,29,0,15.3,5,1,15
2022-01-16,202,58,22,187,218,27,350,45,33,105,29,0,15.3,6,1,16
2022-01-17,208,62,27,195,227,14,350,45,33,106,31,0,13.6,0,1,17
2022-01-18,232,50,25,137,221,11,350,45,34,109,30,0,15.1,1,1,18
2022-01-19,250,46,30,169,224,14,350,45,35,111,33,0,17.9,2,1,19
2022-01-20,223,49,28,162,248,15,350,45,33,107,32,0,17.0,3,1,20
2022-01-21,248,57,29,207,176,9,350,45,34,111,32,0,15.8,4,1,21
2022-01-22,225,63,27,201,200,16,350,45,34,108,31,0,11.1,5,1,22
2022-01-23,218,62,26,193,203,15,350,45,33,107,31,0,12.6,6,1,23
2022-01-24,244,69,29,209,238,22,350,45,34,110,32,0,19.4,0,1,24
2022-01-25,277,55,33,211,191,14,350,45,36,114,34,0,19.5,1,1,25
2022-01-26,264,57,31,195,167,14,350,45,35,113,33,1,16.9,2,1,26
2022-01-27,253,54,28,220,183,19,350,45,35,111,32,0,15.2,3,1,27
2022-01-28,243,62,29,232,194,21,350,45,34,110,32,0,14.5,4,1,28
2022-01-29,226,69,26,217,201,14,350,45,34,108,31,0,11.7,5,1,29
2022-01-30,213,59,28,209,246,24,350,45,33,106,32,0,18.4,6,1,30
2022-01-31,265,76,34,196,181,14,350,45,35,113,35,0,14.6,0,1,31
2022-02-01,267,54,30,177,156,25,350,45,35,113,33,0,16.7,1,2,32
2022-02-02,282,55,37,179,220,10,350,45,36,115,36,0,11.3,2,2,33
2022-02-03,262,59,32,198,214,7,350,45,35,112,34,0,17.2,3,2,34
2022-02-04,274,69,33,221,186,11,350,45,35,114,34,0,20.0,4,2,35
2022-02-05,245,69,34,240,183,14,350,45,34,110,35,0,20.9,5,2,36
2022-02-06,220,65,23,212,199,15,350,45,33,107,29,0,17.8,6,2,37
2022-02-07,261,74,32,223,180,2,350,45,35,112,34,0,16.3,0,2,38
2022-02-08,259,58,32,223,208,12,350,45,35,112,34,0,13.4,1,2,39
2022-02-09,283,67,34,175,176,9,350,45,36,115,35,0,12.5,2,2,40
2022-02-10,259,47,30,225,153,13,350,45,35,112,33,0,15.8,3,2,41
2022-02-11,261,67,30,218,210,13,350,45,35,112,33,0,15.3,4,2,42
2022-02-12,254,67,27,225,195,15,350,45,35,111,31,0,19.7,5,2,43
2022-02-13,235,64,30,234,200,18,350,45,34,109,33,0,13.4,6,2,44
2022-02-14,274,75,30,210,168,12,350,45,35,114,33,0,18.5,0,2,45
2022-02-15,272,69,32,217,187,19,350,45,35,114,34,0,18.3,1,2,46
2022-02-16,274,48,33,200,179,11,350,45,35,114,34,0,23.7,2,2,47
2022-02-17,268,62,35,220,170,13,350,45,35,113,35,0,12.7,3,2,48
2022-02-18,265,68,30,229,199,9,350,45,35,113,33,0,20.7,4,2,49
2022-02-19,245,70,27,224,214,17,350,45,34,110,31,0,18.0,5,2,50
2022-02-20,255,73,29,240,216,17,350,45,35,111,32,0,19.9,6,2,51
2022-02-21,281,75,35,213,151,2,350,45,36,115,35,0,19.7,0,2,52
2022-02-22,314,74,37,222,149,17,350,45,37,119,36,0,17.6,1,2,53
2022-02-23,266,44,32,208,175,20,350,45,35,113,34,0,13.8,2,2,54
2022-02-24,284,62,30,253,178,13,350,45,36,115,33,0,17.1,3,2,55
2022-02-25,267,72,32,257,141,19,350,45,35,113,34,0,16.7,4,2,56
2022-02-26,275,87,33,242,184,7,350,45,36,114,34,0,22.2,5,2,57
2022-02-27,245,80,30,244,192,18,350,45,34,110,33,0,19.8,6,2,58
2022-02-28,327,93,40,220,126,2,350,45,38,120,38,0,23.1,0,2,59
2022-03-01,262,63,25,226,192,23,350,45,35,112,30,0,20.8,1,3,60
2022-03-02,310,60,29,198,172,9,350,45,37,118,32,0,11.9,2,3,61
2022-03-03,293,62,26,271,199,17,350,45,36,116,31,0,17.3,3,3,62
2022-03-04,286,72,30,227,183,3,350,45,36,115,33,0,18.9,4,3,63
2022-03-05,283,81,27,257,203,15,350,45,36,115,31,0,23.1,5,3,64
2022-03-06,258,72,24,254,250,27,350,45,35,112,30,0,17.6,6,3,65
2022-03-07,276,77,27,252,210,12,350,45,36,114,31,0,24.7,0,3,66
2022-03-08,293,61,28,230,162,14,350,45,36,116,32,1,19.3,1,3,67
2022-03-09,299,62,30,221,156,13,350,45,36,117,33,0,20.2,2,3,68
2022-03-10,277,54,26,232,231,15,350,45,36,114,31,0,15.4,3,3,69
2022-03-11,266,64,26,279,195,17,350,45,35,113,31,0,16.5,4,3,70
2022-03-12,260,79,28,258,194,8,350,45,35,112,32,0,22.3,5,3,71
2022-03-13,272,82,27,210,164,13,350,45,35,114,31,0,15.5,6,3,72
2022-03-14,254,62,25,226,203,22,350,45,35,111,30,0,17.9,0,3,73
2022-03-15,300,63,28,220,185,14,350,45,37,117,32,0,21.2,1,3,74
2022-03-16,286,60,28,231,169,12,350,45,36,115,32,0,20.8,2,3,75
2022-03-17,305,60,32,232,168,13,350,45,37,118,34,0,25.0,3,3,76
2022-03-18,281,80,26,257,176,19,350,45,36,115,31,0,21.9,4,3,77
2022-03-19,228,63,25,239,222,18,350,45,34,108,30,0,24.2,5,3,78
2022-03-20,236,69,18,256,218,19,350,45,34,109,27,0,17.4,6,3,79
2022-03-21,272,79,25,232,160,13,350,45,35,114,30,0,24.4,0,3,80
2022-03-22,286,68,28,206,178,20,350,45,36,115,32,0,20.7,1,3,81
2022-03-23,271,65,30,182,161,14,350,45,35,113,33,0,20.9,2,3,82
2022-03-24,284,54,27,211,188,26,350,45,36,115,31,0,19.9,3,3,83
2022-03-25,308,78,33,264,161,10,350,45,37,118,34,0,18.7,4,3,84
2022-03-26,240,65,23,216,231,17,350,45,34,110,29,0,18.5,5,3,85
2022-03-27,237,70,25,251,229,19,350,45,34,109,30,0,23.3,6,3,86
2022-03-28,262,73,25,272,210,15,350,45,35,112,30,0,30.7,0,3,87
2022-03-29,295,65,29,210,165,18,350,45,36,116,32,0,17.7,1,3,88
2022-03-30,263,50,28,201,189,10,350,45,35,112,32,0,24.4,2,3,89
2022-03-31,267,58,25,244,172,15,350,45,35,113,30,0,22.1,3,3,90
2022-04-01,269,74,27,263,194,22,350,45,35,113,31,0,23.0,4,4,91
2022-04-02,252,73,27,237,201,10,350,45,35,111,31,0,24.9,5,4,92
2022-04-03,209,61,17,228,198,25,350,45,33,106,26,0,24.8,6,4,93
2022-04-04,238,69,23,232,219,25,350,45,34,109,29,0,19.4,0,4,94
2022-04-05,276,76,29,217,214,17,350,45,36,114,32,0,19.1,1,4,95
2022-04-06,258,60,25,175,178,26,350,45,35,112,30,0,27.3,2,4,96
2022-04-07,262,58,26,217,187,15,350,45,35,112,31,0,25.4,3,4,97
2022-04-08,261,57,29,236,164,13,350,45,35,112,32,0,25.0,4,4,98
2022-04-09,235,70,24,223,203,18,350,45,34,109,30,0,28.3,5,4,99
2022-04-10,229,62,25,215,253,22,350,45,34,108,30,0,23.3,6,4,100
2022-04-11,246,61,27,223,224,17,350,45,34,110,31,0,23.9,0,4,101
2022-04-12,264,54,25,197,208,20,350,45,35,113,30,0,27.8,1,4,102
2022-04-13,248,52,23,198,220,14,350,45,34,111,29,0,24.3,2,4,103
2022-04-14,267,47,26,216,174,20,350,45,35,113,31,1,30.3,3,4,104
2022-04-15,288,74,28,245,184,17,350,45,36,116,32,0,29.8,4,4,105
2022-04-16,220,51,22,192,173,29,350,45,33,107,29,0,21.1,5,4,106
2022-04-17,210,68,22,237,209,27,350,45,33,106,29,0,25.6,6,4,107
2022-04-18,260,73,28,248,192,16,350,45,35,112,32,0,25.3,0,4,108
2022-04-19,262,54,23,199,223,21,350,45,35,112,29,0,22.7,1,4,109
2022-04-20,250,57,24,179,193,22,350,45,35,111,30,0,29.4,2,4,110
2022-04-21,257,48,26,209,225,16,350,45,35,112,31,0,23.0,3,4,111
2022-04-22,245,57,24,200,206,30,350,45,34,110,30,0,26.4,4,4,112
2022-04-23,193,53,20,209,231,29,350,45,32,104,28,0,34.5,5,4,113
2022-04-24,208,61,19,206,235,19,350,45,33,106,27,0,25.7,6,4,114
2022-04-25,273,67,25,200,204,20,350,45,35,114,30,0,27.3,0,4,115
2022-04-26,258,56,28,169,217,16,350,45,35,112,32,0,24.2,1,4,116
2022-04-27,222,52,22,185,212,16,350,45,33,107,29,0,30.8,2,4,117
2022-04-28,268,61,27,245,152,25,350,45,35,113,31,0,32.9,3,4,118
2022-04-29,245,72,25,223,166,19,350,45,34,110,30,0,30.7,4,4,119
2022-04-30,210,53,19,185,265,32,350,45,33,106,27,0,26.3,5,4,120
2022-05-01,206,54,16,224,232,31,350,45,33,105,26,1,26.4,6,5,121
2022-05-02,261,69,26,214,223,22,350,45,35,112,31,0,26.2,0,5,122
2022-05-03,259,66,24,173,193,17,350,45,35,112,30,0,27.5,1,5,123
2022-05-04,229,55,23,190,198,24,350,45,34,108,29,0,35.5,2,5,124
2022-05-05,264,52,29,221,201,19,350,45,35,113,32,0,33.8,3,5,125
2022-05-06,239,59,23,215,219,18,350,45,34,109,29,0,34.6,4,5,126
2022-05-07,210,64,23,174,261,18,350,45,33,106,29,0,24.5,5,5,127
2022-05-08,199,54,19,202,195,23,350,45,32,104,27,0,33.9,6,5,128
2022-05-09,267,78,29,204,219,8,350,45,35,113,32,0,27.2,0,5,129
2022-05-10,250,55,28,194,188,15,350,45,35,111,32,0,22.4,1,5,130
2022-05-11,258,57,27,196,154,22,350,45,35,112,31,0,32.8,2,5,131
2022-05-12,232,50,22,215,193,9,350,45,34,109,29,0,28.8,3,5,132
2022-05-13,249,58,27,212,214,16,350,45,34,111,31,0,30.6,4,5,133
2022-05-14,185,58,20,226,294,34,350,45,32,103,28,0,27.2,5,5,134
2022-05-15,214,65,20,196,203,27,350,45,33,106,28,0,33.7,6,5,135
2022-05-16,267,71,27,199,182,10,350,45,35,113,31,0,32.3,0,5,136
2022-05-17,236,47,23,149,188,23,350,45,34,109,29,0,32.0,1,5,137
2022-05-18,225,50,24,173,237,21,350,45,34,108,30,0,28.6,2,5,138
2022-05-19,227,45,24,221,215,19,350,45,34,108,30,0,26.1,3,5,139
2022-05-20,239,62,22,192,187,23,350,45,34,109,29,0,27.9,4,5,140
2022-05-21,188,54,20,200,192,18,350,45,32,103,28,0,29.6,5,5,141
2022-05-22,223,68,23,211,218,25,350,45,33,107,29,0,30.0,6,5,142
2022-05-23,249,67,22,212,231,30,350,45,34,111,29,0,33.6,0,5,143
2022-05-24,248,56,28,185,235,23,350,45,34,111,32,0,31.9,1,5,144
2022-05-25,242,42,24,199,204,24,350,45,34,110,30,0,30.5,2,5,145
2022-05-26,202,38,15,220,235,30,350,45,33,105,25,0,29.1,3,5,146
2022-05-27,248,69,28,213,209,20,350,45,34,111,32,0,33.5,4,5,147
2022-05-28,210,55,18,208,265,23,350,45,33,106,27,0,32.1,5,5,148
2022-05-29,200,56,17,156,224,35,350,45,33,105,26,0,34.1,6,5,149
2022-05-30,227,61,21,202,180,20,350,45,34,108,28,0,34.0,0,5,150
2022-05-31,212,46,22,174,247,24,350,45,33,106,29,0,33.9,1,5,151
2022-06-01,228,42,24,177,220,18,350,45,34,108,30,0,38.4,2,6,152
2022-06-02,261,51,25,191,193,17,350,45,35,112,30,0,32.0,3,6,153
2022-06-03,258,66,24,169,216,16,350,45,35,112,30,0,36.7,4,6,154
2022-06-04,219,64,20,185,203,19,350,45,33,107,28,0,29.5,5,6,155
2022-06-05,199,65,21,235,201,23,350,45,32,104,28,0,32.2,6,6,156
2022-06-06,236,62,24,206,233,24,350,45,34,109,30,0,27.4,0,6,157
2022-06-07,240,53,21,172,198,23,350,45,34,110,28,0,37.0,1,6,158
2022-06-08,245,47,21,175,227,20,350,45,34,110,28,0,34.5,2,6,159
2022-06-09,224,43,26,201,181,20,350,45,33,108,31,0,29.9,3,6,160
2022-06-10,195,56,21,201,248,23,350,45,32,104,28,0,32.9,4,6,161
2022-06-11,204,58,22,217,190,20,350,45,33,105,29,0,31.4,5,6,162
2022-06-12,217,56,19,182,240,22,350,45,33,107,27,0,36.3,6,6,163
2022-06-13,217,53,22,170,198,18,350,45,33,107,29,0,34.7,0,6,164
2022-06-14,247,64,24,179,205,22,350,45,34,110,30,0,33.6,1,6,165
2022-06-15,251,54,24,181,220,23,350,45,35,111,30,0,37.4,2,6,166
2022-06-16,241,51,19,205,227,30,350,45,34,110,27,0,31.4,3,6,167
2022-06-17,249,64,28,222,203,4,350,45,34,111,32,0,35.5,4,6,168
2022-06-18,203,71,21,229,198,28,350,45,33,105,28,0,37.9,5,6,169
2022-06-19,195,47,17,199,251,35,350,45,32,104,26,0,35.9,6,6,170
2022-06-20,229,60,23,221,240,36,350,45,34,108,29,0,31.9,0,6,171
2022-06-21,227,49,22,173,203,15,350,45,34,108,29,0,40.0,1,6,172
2022-06-22,241,44,23,159,209,22,350,45,34,110,29,0,30.9,2,6,173
2022-06-23,262,58,25,197,175,24,350,45,35,112,30,0,35.1,3,6,174
2022-06-24,237,54,24,214,231,22,350,45,34,109,30,0,38.0,4,6,175
2022-06-25,227,76,21,205,198,23,350,45,34,108,28,0,35.3,5,6,176
2022-06-26,219,60,23,234,170,34,350,45,33,107,29,0,32.3,6,6,177
2022-06-27,256,71,23,213,192,19,350,45,35,112,29,0,35.5,0,6,178
2022-06-28,246,50,25,194,219,19,350,45,34,110,30,0,33.1,1,6,179
2022-06-29,239,47,21,192,210,29,350,45,34,109,28,0,36.9,2,6,180
2022-06-30,246,49,24,203,218,20,350,45,34,110,30,0,39.9,3,6,181
2022-07-01,245,59,24,202,221,27,350,45,34,110,30,0,34.5,4,7,182
2022-07-02,197,57,19,209,197,32,350,45,32,104,27,0,34.7,5,7,183
2022-07-03,180,43,18,190,189,22,350,45,32,102,27,0,35.6,6,7,184
2022-07-04,248,70,24,185,184,20,350,45,34,111,30,0,35.1,0,7,185
2022-07-05,227,52,21,173,217,21,350,45,34,108,28,0,29.7,1,7,186
2022-07-06,235,50,25,149,194,23,350,45,34,109,30,0,32.8,2,7,187
2022-07-07,226,46,20,218,232,26,350,45,34,108,28,0,33.9,3,7,188
2022-07-08,259,68,24,190,197,14,350,45,35,112,30,0,36.7,4,7,189
2022-07-09,216,51,19,201,267,19,350,45,33,107,27,0,36.3,5,7,190
2022-07-10,222,71,19,192,249,11,350,45,33,107,27,0,34.3,6,7,191
2022-07-11,213,64,23,232,271,22,350,45,33,106,29,0,36.5,0,7,192
2022-07-12,246,49,22,190,198,32,350,45,34,110,29,0,33.1,1,7,193
2022-07-13,245,55,28,189,219,15,350,45,34,110,32,0,37.5,2,7,194
2022-07-14,266,55,26,171,189,21,350,45,35,113,31,0,39.2,3,7,195
2022-07-15,256,66,23,224,208,16,350,45,35,112,29,0,33.4,4,7,196
2022-07-16,201,59,19,215,216,19,350,45,33,105,27,0,33.0,5,7,197
2022-07-17,206,56,19,214,215,27,350,45,33,105,27,0,30.5,6,7,198
2022-07-18,257,73,26,202,225,18,350,45,35,112,31,0,38.5,0,7,199
2022-07-19,250,51,23,179,193,20,350,45,35,111,29,0,30.1,1,7,200
2022-07-20,243,51,24,177,193,17,350,45,34,110,30,0,41.1,2,7,201
2022-07-21,262,51,23,200,202,25,350,45,35,112,29,0,33.7,3,7,202
2022-07-22,249,73,26,222,206,12,350,45,34,111,31,0,35.8,4,7,203
2022-07-23,209,62,21,180,203,27,350,45,33,106,28,0,36.5,5,7,204
2022-07-24,228,72,20,230,223,34,350,45,34,108,28,0,36.8,6,7,205
2022-07-25,230,54,27,219,190,21,350,45,34,108,31,0,31.2,0,7,206
2022-07-26,249,52,26,183,197,15,350,45,34,111,31,0,32.4,1,7,207
2022-07-27,249,49,24,192,173,20,350,45,34,111,30,0,36.0,2,7,208
2022-07-28,259,52,28,207,198,20,350,45,35,112,32,0,38.3,3,7,209
2022-07-29,251,67,25,209,173,19,350,45,35,111,30,0,33.0,4,7,210
2022-07-30,217,63,19,220,210,28,350,45,33,107,27,0,32.7,5,7,211
2022-07-31,198,66,19,222,221,29,350,45,32,104,27,0,34.0,6,7,212
2022-08-01,247,69,21,203,210,22,350,45,34,110,28,0,34.7,0,8,213
2022-08-02,250,47,27,188,215,20,350,45,35,111,31,0,34.1,1,8,214
2022-08-03,218,36,19,157,207,20,350,45,33,107,27,0,34.1,2,8,215
2022-08-04,220,46,19,215,196,19,350,45,33,107,27,0,34.2,3,8,216
2022-08-05,243,70,25,208,217,27,350,45,34,110,30,0,28.2,4,8,217
2022-08-06,220,69,22,192,198,24,350,45,33,107,29,0,42.5,5,8,218
2022-08-07,203,52,23,192,243,29,350,45,33,105,29,0,32.2,6,8,219
2022-08-08,206,60,20,204,237,13,350,45,33,105,28,0,40.7,0,8,220
2022-08-09,264,53,27,201,177,17,350,45,35,113,31,0,37.1,1,8,221
2022-08-10,262,51,25,172,175,16,350,45,35,112,30,0,35.1,2,8,222
2022-08-11,239,46,24,192,194,19,350,45,34,109,30,0,34.4,3,8,223
2022-08-12,259,63,27,222,205,19,350,45,35,112,31,0,36.5,4,8,224
2022-08-13,208,53,23,232,213,18,350,45,33,106,29,0,39.1,5,8,225
2022-08-14,190,49,18,191,215,19,350,45,32,103,27,0,35.2,6,8,226
2022-08-15,226,56,24,215,210,26,350,45,34,108,30,1,30.9,0,8,227
2022-08-16,246,62,23,184,192,20,350,45,34,110,29,0,28.5,1,8,228
2022-08-17,241,51,24,156,203,20,350,45,34,110,30,0,34.6,2,8,229
2022-08-18,232,56,23,200,215,18,350,45,34,109,29,0,32.8,3,8,230
2022-08-19,219,63,22,223,209,21,350,45,33,107,29,0,32.3,4,8,231
2022-08-20,218,63,21,219,228,23,350,45,33,107,28,0,29.4,5,8,232
2022-08-21,217,65,22,219,237,25,350,45,33,107,29,0,31.2,6,8,233
2022-08-22,248,67,25,184,196,22,350,45,34,111,30,0,36.3,0,8,234
2022-08-23,244,56,23,182,211,22,350,45,34,110,29,0,34.3,1,8,235
2022-08-24,232,45,23,186,204,21,350,45,34,109,29,0,24.7,2,8,236
2022-08-25,212,48,20,216,223,28,350,45,33,106,28,0,29.5,3,8,237
2022-08-26,241,60,24,224,179,15,350,45,34,110,30,0,31.7,4,8,238
2022-08-27,205,62,18,214,254,27,350,45,33,105,27,0,34.6,5,8,239
2022-08-28,188,49,19,161,246,20,350,45,32,103,27,0,36.4,6,8,240
2022-08-29,216,54,22,190,191,30,350,45,33,107,29,0,32.8,0,8,241
2022-08-30,212,52,22,164,192,28,350,45,33,106,29,0,34.9,1,8,242
2022-08-31,213,46,23,162,221,21,350,45,33,106,29,0,26.2,2,8,243
2022-09-01,210,35,24,176,217,26,350,45,33,106,30,0,23.4,3,9,244
2022-09-02,292,88,23,172,250,28,350,45,32,104,26,0,31.8,4,9,245
2022-09-03,188,56,16,178,218,36,350,45,32,103,26,0,33.6,5,9,246
2022-09-04,186,54,18,187,217,25,350,45,32,103,27,0,36.1,6,9,247
2022-09-05,237,65,23,174,221,20,350,45,34,109,29,0,28.5,0,9,248
2022-09-06,260,60,28,177,186,7,350,45,35,112,32,0,29.9,1,9,249
2022-09-07,236,53,22,158,224,24,350,45,34,109,29,0,30.1,2,9,250
2022-09-08,212,49,21,210,204,20,350,45,33,106,28,0,34.2,3,9,251
2022-09-09,223,47,20,234,224,25,350,45,33,107,28,0,34.6,4,9,252
2022-09-10,212,52,18,213,236,24,350,45,33,106,27,0,30.7,5,9,253
2022-09-11,181,56,22,187,241,21,350,45,32,102,29,0,29.2,6,9,254
2022-09-12,227,64,21,194,189,28,350,45,34,108,28,0,34.2,0,9,255
2022-09-13,222,54,24,191,218,27,350,45,33,107,30,0,32.6,1,9,256
2022-09-14,217,54,19,145,207,29,350,45,33,107,27,0,26.4,2,9,257
2022-09-15,203,36,20,192,222,25,350,45,33,105,28,0,29.6,3,9,258
2022-09-16,225,57,25,188,200,30,350,45,34,108,30,0,33.2,4,9,259
2022-09-17,152,45,17,189,238,25,350,45,31,99,26,0,27.1,5,9,260
2022-09-18,143,41,12,168,281,36,350,45,30,97,24,0,26.7,6,9,261
2022-09-19,244,61,19,215,231,21,350,45,34,110,27,0,32.0,0,9,262
2022-09-20,205,54,21,121,215,22,350,45,33,105,28,0,28.5,1,9,263
2022-09-21,228,41,27,139,190,21,350,45,34,108,31,0,31.0,2,9,264
2022-09-22,223,46,22,216,196,34,350,45,33,107,29,0,28.8,3,9,265
2022-09-23,201,43,23,158,212,30,350,45,33,105,29,0,18.6,4,9,266
2022-09-24,178,55,20,186,244,20,350,45,32,102,28,0,31.4,5,9,267
2022-09-25,156,49,10,184,255,24,350,45,31,99,23,0,23.3,6,9,268
2022-09-26,194,54,15,158,238,34,350,45,32,104,25,0,29.5,0,9,269
2022-09-27,214,50,22,154,222,30,350,45,33,106,29,0,25.4,1,9,270
2022-09-28,204,48,24,123,241,24,350,45,33,105,30,0,27.8,2,9,271
2022-09-29,208,43,17,140,218,25,350,45,33,106,26,0,27.1,3,9,272
2022-09-30,220,59,18,183,237,23,350,45,33,107,27,0,25.3,4,9,273
2022-10-01,180,50,18,174,269,23,350,45,32,102,27,0,25.2,5,10,274
2022-10-02,148,43,13,196,233,41,350,45,30,98,24,1,25.9,6,10,275
2022-10-03,184,46,17,207,259,30,350,45,32,103,26,0,24.4,0,10,276
2022-10-04,213,53,19,140,249,20,350,45,33,106,27,0,26.3,1,10,277
2022-10-05,171,31,16,118,222,33,350,45,31,101,26,0,27.1,2,10,278
2022-10-06,169,32,16,167,247,26,350,45,31,101,26,0,29.2,3,10,279
2022-10-07,177,37,18,178,246,23,350,45,32,102,27,0,29.3,4,10,280
2022-10-08,137,45,17,121,273,33,350,45,30,97,26,0,19.0,5,10,281
2022-10-09,165,44,17,130,245,19,350,45,31,100,26,0,25.5,6,10,282
2022-10-10,182,50,17,150,235,29,350,45,32,102,26,0,21.1,0,10,283
2022-10-11,170,34,17,105,255,23,350,45,31,101,26,0,23.1,1,10,284
2022-10-12,177,33,19,149,279,16,350,45,32,102,27,0,20.8,2,10,285
2022-10-13,189,39,17,148,217,28,350,45,32,103,26,0,18.3,3,10,286
2022-10-14,173,46,19,144,239,42,350,45,31,101,27,0,26.5,4,10,287
2022-10-15,129,41,13,164,270,26,350,45,30,96,24,0,26.6,5,10,288
2022-10-16,125,33,13,164,298,24,350,45,30,95,24,0,29.2,6,10,289
2022-10-17,192,44,20,150,203,17,350,45,32,104,28,0,18.9,0,10,290
2022-10-18,187,45,15,129,241,28,350,45,32,103,25,0,20.1,1,10,291
2022-10-19,185,38,21,115,225,37,350,45,32,103,28,0,23.0,2,10,292
2022-10-20,160,26,17,159,214,29,350,45,31,100,26,1,29.3,3,10,293
2022-10-21,162,35,16,168,259,26,350,45,31,100,26,0,22.3,4,10,294
2022-10-22,127,30,11,161,308,39,350,45,30,95,23,0,22.6,5,10,295
2022-10-23,116,40,10,144,239,29,350,45,29,94,23,0,25.0,6,10,296
2022-10-24,166,42,15,143,250,28,350,45,31,100,25,0,20.8,0,10,297
2022-10-25,151,28,16,110,238,27,350,45,31,98,26,0,17.8,1,10,298
2022-10-26,167,39,16,114,243,21,350,45,31,100,26,0,20.5,2,10,299
2022-10-27,195,41,20,137,258,22,350,45,32,104,28,0,22.5,3,10,300
2022-10-28,203,42,18,124,220,32,350,45,33,105,27,0,20.3,4,10,301
2022-10-29,136,34,16,152,258,30,350,45,30,97,26,0,32.0,5,10,302
2022-10-30,110,33,12,173,252,30,350,45,29,93,24,0,26.6,6,10,303
2022-10-31,173,52,18,184,268,29,350,45,31,101,27,0,21.6,0,10,304
2022-11-01,137,32,12,144,226,33,350,45,30,97,24,0,19.2,1,11,305
2022-11-02,209,48,23,80,190,29,350,45,33,106,29,0,18.3,2,11,306
2022-11-03,162,29,15,152,223,21,350,45,31,100,25,0,26.4,3,11,307
2022-11-04,187,56,20,103,257,17,350,45,32,103,28,0,21.4,4,11,308
2022-11-05,109,30,10,190,294,32,350,45,29,93,23,0,13.4,5,11,309
2022-11-06,112,34,12,137,302,41,350,45,29,94,24,0,24.3,6,11,310
2022-11-07,169,48,20,177,204,24,350,45,31,101,28,0,24.5,0,11,311
2022-11-08,169,48,17,102,227,22,350,45,31,101,26,0,14.9,1,11,312
2022-11-09,178,36,17,95,219,27,350,45,32,102,26,0,19.6,2,11,313
2022-11-10,173,37,18,123,238,22,350,45,31,101,27,0,25.6,3,11,314
2022-11-11,158,46,15,164,246,18,350,45,31,99,25,0,15.1,4,11,315
2022-11-12,140,39,14,160,254,33,350,45,30,97,25,1,18.5,5,11,316
2022-11-13,117,35,15,137,282,32,350,45,29,94,25,0,14.8,6,11,317
2022-11-14,153,48,16,117,276,30,350,45,31,99,26,0,24.3,0,11,318
2022-11-15,175,34,16,133,255,28,350,45,32,101,26,0,20.8,1,11,319
2022-11-16,189,38,20,105,220,28,350,45,32,103,28,0,20.6,2,11,320
2022-11-17,175,43,18,129,261,26,350,45,32,101,27,0,15.4,3,11,321
2022-11-18,163,44,15,141,247,32,350,45,31,100,25,0,17.8,4,11,322
2022-11-19,141,37,11,166,279,36,350,45,30,97,23,0,18.8,5,11,323
2022-11-20,123,36,15,163,282,22,350,45,29,95,25,0,20.0,6,11,324
2022-11-21,181,45,20,136,254,19,350,45,32,102,28,0,20.4,0,11,325
2022-11-22,188,44,19,105,231,24,350,45,32,103,27,0,14.2,1,11,326
2022-11-23,161,42,13,87,210,32,350,45,31,100,24,0,18.7,2,11,327
2022-11-24,168,29,15,163,270,25,350,45,31,101,25,0,12.3,3,11,328
2022-11-25,185,49,16,169,220,40,350,45,32,103,26,0,19.6,4,11,329
2022-11-26,137,41,12,152,276,42,350,45,30,97,24,0,15.9,5,11,330
2022-11-27,142,43,13,133,250,36,350,45,30,97,24,0,17.3,6,11,331
2022-11-28,190,50,18,167,254,28,350,45,32,103,27,0,16.1,0,11,332
2022-11-29,187,49,20,118,233,21,350,45,32,103,28,0,15.6,1,11,333
2022-11-30,185,36,18,103,234,29,350,45,32,103,27,0,14.5,2,11,334
2022-12-01,201,47,26,164,252,19,350,45,33,105,31,0,16.2,3,12,335
2022-12-02,185,53,22,145,268,31,350,45,32,103,29,0,15.9,4,12,336
2022-12-03,175,53,20,165,222,31,350,45,32,101,28,0,16.0,5,12,337
2022-12-04,143,45,17,178,264,29,350,45,30,97,26,0,18.6,6,12,338
2022-12-05,172,46,20,161,242,25,350,45,31,101,28,0,15.9,0,12,339
2022-12-06,193,43,22,144,229,26,350,45,32,104,29,0,16.7,1,12,340
2022-12-07,203,36,26,116,251,24,350,45,33,105,31,0,18.3,2,12,341
2022-12-08,199,38,25,134,228,24,350,45,32,104,30,0,18.1,3,12,342
2022-12-09,188,44,21,172,235,31,350,45,32,103,28,0,18.5,4,12,343
2022-12-10,144,44,17,172,248,27,350,45,30,98,26,0,15.5,5,12,344
2022-12-11,147,41,19,175,268,28,350,45,30,98,27,0,17.3,6,12,345
2022-12-12,219,58,20,171,226,28,350,45,33,107,28,0,15.3,0,12,346
2022-12-13,216,46,22,124,205,12,350,45,33,107,29,0,12.6,1,12,347
2022-12-14,219,45,26,126,237,18,350,45,33,107,31,0,14.0,2,12,348
2022-12-15,195,41,20,194,234,27,350,45,32,104,28,0,14.6,3,12,349
2022-12-16,209,55,27,183,260,20,350,45,33,106,31,0,13.2,4,12,350
2022-12-17,160,42,17,176,230,32,350,45,31,100,26,0,18.9,5,12,351
2022-12-18,180,49,20,169,258,25,350,45,32,102,28,0,18.0,6,12,352
2022-12-19,219,60,22,186,243,29,350,45,33,107,29,0,17.6,0,12,353
2022-12-20,220,52,25,141,206,13,350,45,33,107,30,0,17.4,1,12,354
2022-12-21,230,49,25,144,193,15,350,45,34,108,30,0,13.3,2,12,355
2022-12-22,204,48,27,180,236,21,350,45,33,105,31,0,13.0,3,12,356
2022-12-23,241,57,29,187,250,22,350,45,34,110,32,0,13.6,4,12,357
2022-12-24,193,49,24,193,242,26,350,45,32,104,30,0,16.9,5,12,358
2022-12-25,200,60,26,179,206,19,350,45,33,105,31,1,13.0,6,12,359
2022-12-26,227,64,24,204,218,21,350,45,34,108,30,0,21.4,0,12,360
2022-12-27,215,44,25,162,224,20,350,45,33,106,30,0,14.4,1,12,361
2022-12-28,216,43,25,160,205,21,350,45,33,107,30,0,13.5,2,12,362
2022-12-29,240,52,28,192,211,14,350,45,34,110,32,0,18.5,3,12,363
2022-12-30,228,60,27,182,224,24,350,45,34,108,31,0,10.9,4,12,364
2022-12-31,212,65,22,196,245,27,350,45,33,106,29,1,16.5,5,12,365
2023-01-01,199,58,25,200,192,12,350,45,32,104,30,1,15.2,6,1,1
2023-01-02,234,74,29,191,204,25,350,45,34,109,32,0,9.6,0,1,2
2023-01-03,256,66,29,152,217,4,350,45,35,112,32,0,14.6,1,1,3
2023-01-04,235,47,29,155,207,19,350,45,34,109,32,0,18.0,2,1,4
2023-01-05,259,51,31,217,197,17,350,45,35,112,33,0,17.4,3,1,5
2023-01-06,263,63,34,220,210,8,350,45,35,112,35,0,16.4,4,1,6
2023-01-07,209,50,26,209,230,13,350,45,33,106,31,0,11.6,5,1,7
2023-01-08,205,60,24,208,229,21,350,45,33,105,30,0,16.2,6,1,8
2023-01-09,243,68,29,222,220,17,350,45,34,110,32,0,10.7,0,1,9
2023-01-10,248,61,27,167,201,18,350,45,34,111,31,0,18.6,1,1,10
2023-01-11,283,66,31,154,178,26,350,45,36,115,33,0,15.1,2,1,11
2023-01-12,281,64,33,211,186,12,350,45,36,115,34,0,14.0,3,1,12
2023-01-13,237,47,26,204,216,20,350,45,34,109,31,0,12.0,4,1,13
2023-01-14,225,60,25,252,255,28,350,45,34,108,30,0,16.2,5,1,14
2023-01-15,254,81,29,230,155,22,350,45,35,111,32,0,17.7,6,1,15
2023-01-16,255,79,33,203,172,4,350,45,35,111,34,0,16.2,0,1,16
2023-01-17,266,74,30,200,192,19,350,45,35,113,33,0,15.1,1,1,17
2023-01-18,263,61,30,218,252,10,350,45,35,112,33,0,9.5,2,1,18
2023-01-19,287,55,32,222,165,7,350,45,36,115,34,0,15.9,3,1,19
2023-01-20,287,55,36,215,188,15,350,45,36,115,36,0,16.6,4,1,20
2023-01-21,238,62,27,224,186,17,350,45,34,109,31,0,17.4,5,1,21
2023-01-22,254,67,31,259,189,14,350,45,35,111,33,0,11.2,6,1,22
2023-01-23,275,87,35,248,201,3,350,45,36,114,35,0,14.9,0,1,23
2023-01-24,298,85,37,204,169,10,350,45,36,117,36,0,11.7,1,1,24
2023-01-25,296,70,35,222,202,2,350,45,36,117,35,0,16.3,2,1,25
2023-01-26,305,57,38,254,142,13,350,45,37,118,37,1,19.3,3,1,26
2023-01-27,275,58,33,246,177,13,350,45,36,114,34,0,11.1,4,1,27
2023-01-28,241,54,27,253,218,14,350,45,34,110,31,0,12.2,5,1,28
2023-01-29,257,70,31,252,206,16,350,45,35,112,33,0,15.4,6,1,29
2023-01-30,297,85,35,248,177,3,350,45,36,117,35,0,9.8,0,1,30
2023-01-31,278,77,32,193,208,22,350,45,36,114,34,0,15.9,1,1,31
2023-02-01,292,70,32,202,155,11,350,45,36,116,34,0,18.5,2,2,32
2023-02-02,296,54,37,253,206,6,350,45,36,117,36,0,11.5,3,2,33
2023-02-03,289,70,33,229,169,6,350,45,36,116,34,0,14.4,4,2,34
2023-02-04,263,62,30,248,206,14,350,45,35,112,33,0,21.3,5,2,35
2023-02-05,256,70,30,255,190,5,350,45,35,112,33,0,15.9,6,2,36
2023-02-06,330,98,44,245,158,2,350,45,38,121,40,0,17.5,0,2,37
2023-02-07,297,89,34,235,187,11,350,45,36,117,35,0,12.5,1,2,38
2023-02-08,308,75,37,211,150,13,350,45,37,118,36,0,17.3,2,2,39
2023-02-09,299,67,36,290,158,9,350,45,36,117,36,0,12.6,3,2,40
2023-02-10,321,64,36,244,153,2,350,45,37,120,36,0,11.4,4,2,41
2023-02-11,248,61,29,269,173,27,350,45,34,111,32,0,22.3,5,2,42
2023-02-12,289,92,38,253,223,8,350,45,36,116,37,0,12.2,6,2,43
2023-02-13,332,98,37,265,158,14,350,45,38,121,36,0,18.0,0,2,44
2023-02-14,325,93,41,206,161,10,350,45,38,120,38,0,16.6,1,2,45
2023-02-15,331,69,42,254,148,2,350,45,38,121,39,0,14.1,2,2,46
2023-02-16,320,57,37,280,136,10,350,45,37,120,36,0,22.3,3,2,47
2023-02-17,291,57,32,270,167,8,350,45,36,116,34,0,17.2,4,2,48
2023-02-18,286,76,35,292,162,15,350,45,36,115,35,0,24.9,5,2,49
2023-02-19,261,65,29,281,189,11,350,45,35,112,32,0,16.6,6,2,50
2023-02-20,312,93,34,247,125,19,350,45,37,119,35,0,15.4,0,2,51
2023-02-21,301,74,35,231,169,13,350,45,37,117,35,0,19.2,1,2,52
2023-02-22,316,80,38,229,156,9,350,45,37,119,37,0,20.6,2,2,53
2023-02-23,323,61,40,264,175,2,350,45,37,120,38,0,12.9,3,2,54
2023-02-24,316,69,37,267,145,4,350,45,37,119,36,0,25.4,4,2,55
2023-02-25,273,66,30,278,162,17,350,45,35,114,33,0,17.1,5,2,56
2023-02-26,385,131,42,270,235,10,350,45,35,112,33,0,15.2,6,2,57
2023-02-27,301,93,38,270,168,8,350,45,37,117,37,0,19.0,0,2,58
2023-02-28,311,82,36,233,157,2,350,45,37,118,36,0,17.9,1,2,59
2023-03-01,318,76,34,214,151,14,350,45,37,119,35,0,19.8,2,3,60
2023-03-02,319,62,30,266,149,14,350,45,37,119,33,0,20.0,3,3,61
2023-03-03,310,54,30,250,174,13,350,45,37,118,33,0,22.6,4,3,62
2023-03-04,281,80,27,256,178,19,350,45,36,115,31,0,22.0,5,3,63
2023-03-05,273,77,28,253,164,16,350,45,35,114,32,0,18.6,6,3,64
2023-03-06,318,96,29,263,128,11,350,45,37,119,32,0,18.4,0,3,65
2023-03-07,329,87,31,240,175,11,350,45,38,121,33,0,20.5,1,3,66
2023-03-08,316,72,31,235,185,19,350,45,37,119,33,1,20.5,2,3,67
2023-03-09,331,74,33,262,132,8,350,45,38,121,34,0,15.8,3,3,68
2023-03-10,335,70,31,286,158,19,350,45,38,121,33,0,22.2,4,3,69
2023-03-11,255,65,26,278,228,19,350,45,35,111,31,0,22.5,5,3,70
2023-03-12,246,68,23,295,181,25,350,45,34,110,29,0,22.6,6,3,71
2023-03-13,327,99,33,278,161,12,350,45,38,120,34,0,24.2,0,3,72
2023-03-14,308,92,32,202,153,22,350,45,37,118,34,0,17.3,1,3,73
2023-03-15,324,80,31,202,151,2,350,45,37,120,33,0,21.7,2,3,74
2023-03-16,302,57,29,266,174,11,350,45,37,117,32,0,23.4,3,3,75
2023-03-17,327,70,34,246,110,10,350,45,38,120,35,0,22.5,4,3,76
2023-03-18,275,65,26,281,165,19,350,45,36,114,31,0,21.2,5,3,77
2023-03-19,271,82,31,244,148,14,350,45,35,113,33,0,28.9,6,3,78
2023-03-20,324,99,31,260,168,9,350,45,37,120,33,0,19.8,0,3,79
2023-03-21,321,79,32,211,161,8,350,45,37,120,34,0,21.6,1,3,80
2023-03-22,307,73,32,218,158,16,350,45,37,118,34,0,21.6,2,3,81
2023-03-23,290,63,26,289,179,11,350,45,36,116,31,0,21.2,3,3,82
2023-03-24,304,66,29,254,169,8,350,45,37,118,32,0,20.0,4,3,83
2023-03-25,283,69,30,277,183,23,350,45,36,115,33,0,24.0,5,3,84
2023-03-26,257,64,26,250,217,25,350,45,35,112,31,0,23.7,6,3,85
2023-03-27,328,94,37,238,160,5,350,45,38,121,36,0,24.4,0,3,86
2023-03-28,307,88,28,256,179,16,350,45,37,118,32,0,20.0,1,3,87
2023-03-29,295,66,30,210,173,11,350,45,36,116,33,0,20.8,2,3,88
2023-03-30,301,62,30,284,175,18,350,45,37,117,33,0,24.9,3,3,89
2023-03-31,324,66,29,255,137,15,350,45,37,120,32,0,24.3,4,3,90
2023-04-01,283,69,26,262,164,11,350,45,36,115,31,0,21.4,5,4,91
2023-04-02,271,81,29,261,235,8,350,45,35,113,32,0,19.0,6,4,92
2023-04-03,316,86,33,267,142,20,350,45,37,119,34,0,20.5,0,4,93
2023-04-04,298,85,29,232,120,26,350,45,36,117,32,0,22.7,1,4,94
2023-04-05,311,75,31,238,152,14,350,45,37,118,33,0,25.9,2,4,95
2023-04-06,321,66,33,271,154,6,350,45,37,120,34,0,24.8,3,4,96
2023-04-07,272,57,23,236,189,25,350,45,35,114,29,0,25.7,4,4,97
2023-04-08,264,73,27,257,179,18,350,45,35,113,31,0,18.2,5,4,98
2023-04-09,253,74,28,258,197,6,350,45,35,111,32,0,27.7,6,4,99
2023-04-10,311,98,29,215,161,10,350,45,37,118,32,0,20.3,0,4,100
2023-04-11,291,82,31,222,192,15,350,45,36,116,33,0,28.2,1,4,101
2023-04-12,265,56,26,220,187,13,350,45,35,113,31,0,27.8,2,4,102
2023-04-13,281,59,26,256,190,12,350,45,36,115,31,0,25.1,3,4,103
2023-04-14,283,51,32,238,189,22,350,45,36,115,34,1,23.3,4,4,104
2023-04-15,280,64,26,220,201,14,350,45,36,115,31,0,24.7,5,4,105
2023-04-16,275,80,25,257,186,18,350,45,36,114,30,0,31.6,6,4,106
2023-04-17,271,78,28,238,167,15,350,45,35,113,32,0,25.9,0,4,107
2023-04-18,274,75,29,239,186,17,350,45,35,114,32,0,26.9,1,4,108
2023-04-19,310,64,30,257,169,14,350,45,37,118,33,0,26.1,2,4,109
2023-04-20,313,56,28,219,145,16,350,45,37,119,32,0,22.9,3,4,110
2023-04-21,282,70,26,235,201,16,350,45,36,115,31,0,28.9,4,4,111
2023-04-22,239,62,26,273,191,21,350,45,34,109,31,0,24.4,5,4,112
2023-04-23,256,69,23,263,209,16,350,45,35,112,29,0,27.4,6,4,113
2023-04-24,297,92,30,233,113,18,350,45,36,117,33,0,25.7,0,4,114
2023-04-25,301,72,28,201,184,18,350,45,37,117,32,0,22.8,1,4,115
2023-04-26,263,58,25,219,201,27,350,45,35,112,30,0,30.2,2,4,116
2023-04-27,291,60,29,256,138,16,350,45,36,116,32,0,30.4,3,4,117
2023-04-28,282,68,25,246,152,23,350,45,36,115,30,0,31.4,4,4,118
2023-04-29,228,53,21,237,237,17,350,45,34,108,28,0,28.3,5,4,119
2023-04-30,278,82,26,257,210,14,350,45,36,114,31,0,31.0,6,4,120
2023-05-01,291,76,29,237,155,6,350,45,36,116,32,1,28.9,0,5,121
2023-05-02,279,75,28,188,180,16,350,45,36,114,32,0,33.3,1,5,122
2023-05-03,284,65,26,246,183,21,350,45,36,115,31,0,33.2,2,5,123
2023-05-04,304,61,30,267,179,16,350,45,37,118,33,0,29.8,3,5,124
2023-05-05,305,71,31,230,184,7,350,45,37,118,33,0,29.9,4,5,125
2023-05-06,243,60,19,229,196,30,350,45,34,110,27,0,24.8,5,5,126
2023-05-07,232,70,21,246,198,19,350,45,34,109,28,0,31.1,6,5,127
2023-05-08,272,83,27,272,191,14,350,45,35,114,31,0,34.5,0,5,128
2023-05-09,276,81,28,211,154,21,350,45,36,114,32,0,32.9,1,5,129
2023-05-10,260,59,23,208,200,18,350,45,35,112,29,0,32.7,2,5,130
2023-05-11,390,95,40,224,184,14,350,45,35,112,32,0,32.8,3,5,131
2023-05-12,277,51,29,216,189,16,350,45,36,114,32,0,32.3,4,5,132
2023-05-13,246,67,25,235,222,25,350,45,34,110,30,0,26.3,5,5,133
2023-05-14,235,62,21,206,231,26,350,45,34,109,28,0,31.2,6,5,134
2023-05-15,290,82,28,234,170,20,350,45,36,116,32,0,27.4,0,5,135
2023-05-16,274,69,29,200,196,15,350,45,35,114,32,0,35.6,1,5,136
2023-05-17,256,54,23,194,198,16,350,45,35,112,29,0,26.7,2,5,137
2023-05-18,305,75,31,245,172,12,350,45,37,118,33,0,29.7,3,5,138
2023-05-19,305,70,30,229,170,20,350,45,37,118,33,0,32.5,4,5,139
2023-05-20,269,69,26,234,189,15,350,45,35,113,31,0,30.5,5,5,140
2023-05-21,234,73,23,254,200,22,350,45,34,109,29,0,28.7,6,5,141
2023-05-22,273,81,27,242,179,21,350,45,35,114,31,0,34.4,0,5,142
2023-05-23,263,71,27,224,200,18,350,45,35,112,31,0,31.9,1,5,143
2023-05-24,266,49,26,200,174,13,350,45,35,113,31,0,30.1,2,5,144
2023-05-25,277,53,26,231,209,21,350,45,36,114,31,0,31.5,3,5,145
2023-05-26,268,52,25,237,186,11,350,45,35,113,30,0,36.4,4,5,146
2023-05-27,238,57,21,250,194,25,350,45,34,109,28,0,32.1,5,5,147
2023-05-28,214,65,17,231,240,27,350,45,33,106,26,0,33.5,6,5,148
2023-05-29,272,91,25,225,180,20,350,45,35,114,30,0,27.1,0,5,149
2023-05-30,269,70,20,214,172,20,350,45,35,113,28,0,33.3,1,5,150
2023-05-31,261,65,28,184,205,24,350,45,35,112,32,0,32.0,2,5,151
2023-06-01,279,51,30,223,202,9,350,45,36,114,33,0,28.3,3,6,152
2023-06-02,258,57,24,226,185,29,350,45,35,112,30,0,33.5,4,6,153
2023-06-03,228,53,19,239,219,32,350,45,34,108,27,0,32.1,5,6,154
2023-06-04,226,70,21,231,204,20,350,45,34,108,28,0,34.6,6,6,155
2023-06-05,262,79,23,223,199,18,350,45,35,112,29,0,31.2,0,6,156
2023-06-06,296,77,30,188,156,17,350,45,36,117,33,0,35.9,1,6,157
2023-06-07,415,102,36,190,195,11,350,45,36,114,31,0,37.4,2,6,158
2023-06-08,267,51,26,216,183,21,350,45,35,113,31,0,36.5,3,6,159
2023-06-09,286,59,26,259,204,2,350,45,36,115,31,0,31.7,4,6,160
2023-06-10,229,57,18,229,165,23,350,45,34,108,27,0,31.6,5,6,161
2023-06-11,232,73,23,237,265,28,350,45,34,109,29,0,30.3,6,6,162
2023-06-12,278,84,26,241,192,19,350,45,36,114,31,0,30.7,0,6,163
2023-06-13,300,86,26,200,158,21,350,45,37,117,31,0,32.3,1,6,164
2023-06-14,266,51,22,208,185,14,350,45,35,113,29,0,37.4,2,6,165
2023-06-15,268,71,26,241,208,23,350,45,35,113,31,0,35.3,3,6,166
2023-06-16,261,58,27,261,154,17,350,45,35,112,31,0,32.5,4,6,167
2023-06-17,226,61,19,205,216,22,350,45,34,108,27,0,35.5,5,6,168
2023-06-18,223,67,26,219,203,22,350,45,33,107,31,0,32.6,6,6,169
2023-06-19,273,89,29,236,207,11,350,45,35,114,32,0,35.9,0,6,170
2023-06-20,311,81,34,188,184,10,350,45,37,118,35,0,37.7,1,6,171
2023-06-21,300,68,26,209,186,20,350,45,37,117,31,0,33.4,2,6,172
2023-06-22,271,51,30,238,204,21,350,45,35,113,33,0,32.1,3,6,173
2023-06-23,283,57,29,266,172,15,350,45,36,115,32,0,28.3,4,6,174
2023-06-24,240,64,27,256,222,13,350,45,34,110,31,0,34.4,5,6,175
2023-06-25,324,131,30,222,213,22,350,45,33,107,29,0,30.7,6,6,176
2023-06-26,259,83,23,250,182,35,350,45,35,112,29,0,40.7,0,6,177
2023-06-27,277,78,27,210,168,17,350,45,36,114,31,0,36.9,1,6,178
2023-06-28,300,63,32,194,189,17,350,45,37,117,34,0,34.4,2,6,179
2023-06-29,285,53,28,208,189,6,350,45,36,115,32,0,33.3,3,6,180
2023-06-30,284,57,29,232,134,17,350,45,36,115,32,0,31.0,4,6,181
2023-07-01,244,61,22,243,199,22,350,45,34,110,29,0,34.1,5,7,182
2023-07-02,273,80,27,242,163,20,350,45,35,114,31,0,36.9,6,7,183
2023-07-03,264,80,25,232,173,19,350,45,35,113,30,0,33.6,0,7,184
2023-07-04,297,84,27,210,167,21,350,45,36,117,31,0,33.5,1,7,185
2023-07-05,293,54,31,220,183,9,350,45,36,116,33,0,38.0,2,7,186
2023-07-06,291,55,31,205,160,9,350,45,36,116,33,0,40.4,3,7,187
2023-07-07,302,71,31,269,174,13,350,45,37,117,33,0,32.6,4,7,188
2023-07-08,243,58,22,250,209,18,350,45,34,110,29,0,39.4,5,7,189
2023-07-09,265,76,27,262,196,17,350,45,35,113,31,0,35.5,6,7,190
2023-07-10,277,79,29,254,212,18,350,45,36,114,32,0,33.2,0,7,191
2023-07-11,286,72,29,222,190,9,350,45,36,115,32,0,40.7,1,7,192
2023-07-12,289,64,31,218,184,7,350,45,36,116,33,0,32.4,2,7,193
2023-07-13,294,52,30,250,198,13,350,45,36,116,33,0,30.6,3,7,194
2023-07-14,292,64,29,252,139,16,350,45,36,116,32,0,32.3,4,7,195
2023-07-15,251,54,26,238,222,19,350,45,35,111,31,0,33.3,5,7,196
2023-07-16,219,55,18,248,216,34,350,45,33,107,27,0,39.7,6,7,197
2023-07-17,285,82,27,259,205,12,350,45,36,115,31,0,40.0,0,7,198
2023-07-18,260,68,27,206,198,21,350,45,35,112,31,0,36.8,1,7,199
2023-07-19,281,65,31,172,192,14,350,45,36,115,33,0,34.3,2,7,200
2023-07-20,264,65,27,236,178,27,350,45,35,113,31,0,27.9,3,7,201
2023-07-21,268,51,24,221,163,21,350,45,35,113,30,0,37.9,4,7,202
2023-07-22,219,55,23,231,217,30,350,45,33,107,29,0,35.5,5,7,203
2023-07-23,238,75,24,210,203,19,350,45,34,109,30,0,39.2,6,7,204
2023-07-24,285,85,29,232,176,13,350,45,36,115,32,0,34.4,0,7,205
2023-07-25,291,72,30,187,147,13,350,45,36,116,33,0,35.8,1,7,206
2023-07-26,298,64,31,219,188,16,350,45,36,117,33,0,32.8,2,7,207
2023-07-27,312,60,31,236,164,9,350,45,37,119,33,0,33.0,3,7,208
2023-07-28,293,66,30,261,151,23,350,45,36,116,33,0,29.8,4,7,209
2023-07-29,265,64,26,256,185,22,350,45,35,113,31,0,40.3,5,7,210
2023-07-30,264,69,28,260,199,19,350,45,35,113,32,0,34.6,6,7,211
2023-07-31,276,74,26,255,219,27,350,45,36,114,31,0,34.9,0,7,212
2023-08-01,251,74,26,216,207,17,350,45,35,111,31,0,39.6,1,8,213
2023-08-02,287,64,33,215,160,4,350,45,36,115,34,0,37.2,2,8,214
2023-08-03,275,61,25,228,165,14,350,45,36,114,30,0,34.3,3,8,215
2023-08-04,282,58,26,209,198,16,350,45,36,115,31,0,34.9,4,8,216
2023-08-05,249,72,21,236,217,21,350,45,34,111,28,0,35.5,5,8,217
2023-08-06,213,66,21,239,243,19,350,45,33,106,28,0,32.5,6,8,218
2023-08-07,266,87,27,220,194,23,350,45,35,113,31,0,34.4,0,8,219
2023-08-08,246,64,26,199,199,23,350,45,34,110,31,0,34.5,1,8,220
2023-08-09,265,71,27,185,150,6,350,45,35,113,31,0,36.6,2,8,221
2023-08-10,303,64,32,198,176,16,350,45,37,117,34,0,34.3,3,8,222
2023-08-11,281,65,26,219,182,21,350,45,36,115,31,0,37.9,4,8,223
2023-08-12,241,64,22,225,208,19,350,45,34,110,29,0,33.3,5,8,224
2023-08-13,262,77,27,253,209,14,350,45,35,112,31,0,33.3,6,8,225
2023-08-14,269,87,27,250,186,15,350,45,35,113,31,0,34.2,0,8,226
2023-08-15,291,72,30,195,171,16,350,45,36,116,33,1,32.4,1,8,227
2023-08-16,259,61,27,224,167,14,350,45,35,112,31,0,33.4,2,8,228
2023-08-17,264,54,29,225,175,17,350,45,35,113,32,0,31.4,3,8,229
2023-08-18,288,53,30,246,194,16,350,45,36,116,33,0,32.6,4,8,230
2023-08-19,282,71,24,219,192,21,350,45,36,115,30,0,34.8,5,8,231
2023-08-20,248,65,26,225,204,20,350,45,34,111,31,0,34.1,6,8,232
2023-08-21,283,82,26,243,148,12,350,45,36,115,31,0,31.3,0,8,233
2023-08-22,260,70,24,236,231,15,350,45,35,112,30,0,31.0,1,8,234
2023-08-23,267,66,23,206,172,19,350,45,35,113,29,0,30.7,2,8,235
2023-08-24,288,59,27,245,203,15,350,45,36,116,31,0,28.2,3,8,236
2023-08-25,284,55,27,211,180,19,350,45,36,115,31,0,29.9,4,8,237
2023-08-26,217,48,26,222,217,21,350,45,33,107,31,0,27.3,5,8,238
2023-08-27,223,71,22,251,212,27,350,45,33,107,29,0,30.7,6,8,239
2023-08-28,297,83,30,242,157,19,350,45,36,117,33,0,30.5,0,8,240
2023-08-29,272,74,26,171,175,22,350,45,35,114,31,0,33.6,1,8,241
2023-08-30,255,64,25,200,192,11,350,45,35,111,30,0,31.3,2,8,242
2023-08-31,239,38,23,251,229,25,350,45,34,109,29,0,28.2,3,8,243
2023-09-01,242,51,22,243,205,26,350,45,34,110,29,0,35.4,4,9,244
2023-09-02,219,48,21,207,194,27,350,45,33,107,28,0,34.4,5,9,245
2023-09-03,217,65,26,201,225,23,350,45,33,107,31,0,31.8,6,9,246
2023-09-04,289,85,32,210,206,7,350,45,36,116,34,0,30.3,0,9,247
2023-09-05,254,74,25,178,199,23,350,45,35,111,30,0,29.1,1,9,248
2023-09-06,270,61,29,190,179,22,350,45,35,113,32,0,33.4,2,9,249
2023-09-07,262,56,25,239,217,18,350,45,35,112,30,0,28.0,3,9,250
2023-09-08,252,53,26,214,220,21,350,45,35,111,31,0,27.8,4,9,251
2023-09-09,240,58,20,234,189,29,350,45,34,110,28,0,29.4,5,9,252
2023-09-10,217,61,21,224,207,30,350,45,33,107,28,0,32.4,6,9,253
2023-09-11,260,73,25,200,187,21,350,45,35,112,30,0,28.3,0,9,254
2023-09-12,255,70,25,206,204,21,350,45,35,111,30,0,28.4,1,9,255
2023-09-13,234,55,20,174,200,25,350,45,34,109,28,0,26.0,2,9,256
2023-09-14,252,49,22,216,193,19,350,45,35,111,29,0,31.5,3,9,257
2023-09-15,258,53,29,233,208,15,350,45,35,112,32,0,30.1,4,9,258
2023-09-16,230,50,22,191,221,37,350,45,34,108,29,0,28.6,5,9,259
2023-09-17,224,58,23,222,194,23,350,45,33,108,29,0,29.5,6,9,260
2023-09-18,234,70,25,217,211,9,350,45,34,109,30,0,29.8,0,9,261
2023-09-19,267,65,23,213,197,27,350,45,35,113,29,0,32.3,1,9,262
2023-09-20,232,53,23,199,233,15,350,45,34,109,29,0,31.8,2,9,263
2023-09-21,248,46,25,202,204,24,350,45,34,111,30,0,31.7,3,9,264
2023-09-22,220,46,22,222,241,21,350,45,33,107,29,0,25.1,4,9,265
2023-09-23,189,41,19,191,256,25,350,45,32,103,27,0,27.9,5,9,266
2023-09-24,207,63,23,197,219,20,350,45,33,105,29,0,28.7,6,9,267
2023-09-25,224,58,21,181,172,16,350,45,33,108,28,0,25.3,0,9,268
2023-09-26,225,64,21,156,238,25,350,45,34,108,28,0,26.9,1,9,269
2023-09-27,243,53,23,195,158,17,350,45,34,110,29,0,28.1,2,9,270
2023-09-28,227,47,23,173,213,16,350,45,34,108,29,0,26.1,3,9,271
2023-09-29,253,53,25,203,203,14,350,45,35,111,30,0,25.1,4,9,272
2023-09-30,194,43,19,238,181,21,350,45,32,104,27,0,30.0,5,9,273
2023-10-01,209,64,21,180,223,31,350,45,33,106,28,0,29.9,6,10,274
2023-10-02,232,67,21,216,223,18,350,45,34,109,28,1,28.1,0,10,275
2023-10-03,207,40,22,160,245,19,350,45,33,105,29,0,23.6,1,10,276
2023-10-04,230,48,23,170,187,27,350,45,34,108,29,0,27.0,2,10,277
2023-10-05,230,48,21,190,225,20,350,45,34,108,28,0,20.8,3,10,278
2023-10-06,199,37,20,180,233,22,350,45,32,104,28,0,26.2,4,10,279
2023-10-07,222,54,18,194,237,25,350,45,33,107,27,0,27.1,5,10,280
2023-10-08,187,46,16,202,239,19,350,45,32,103,26,0,23.3,6,10,281
2023-10-09,219,64,23,189,213,17,350,45,33,107,29,0,30.1,0,10,282
2023-10-10,216,66,21,194,220,29,350,45,33,107,28,0,27.8,1,10,283
2023-10-11,226,50,19,159,216,28,350,45,34,108,27,0,25.9,2,10,284
2023-10-12,206,42,22,188,223,24,350,45,33,105,29,0,27.6,3,10,285
2023-10-13,214,39,19,183,236,21,350,45,33,106,27,0,19.4,4,10,286
2023-10-14,196,36,19,190,220,30,350,45,32,104,27,0,22.9,5,10,287
2023-10-15,165,55,15,173,242,28,350,45,31,100,25,0,28.8,6,10,288
2023-10-16,196,64,19,179,200,16,350,45,32,104,27,0,21.2,0,10,289
2023-10-17,210,59,20,176,193,26,350,45,33,106,28,0,23.8,1,10,290
2023-10-18,181,39,21,127,238,26,350,45,32,102,28,0,22.8,2,10,291
2023-10-19,231,37,21,159,214,31,350,45,34,108,28,0,26.5,3,10,292
2023-10-20,207,40,19,180,284,26,350,45,33,105,27,1,22.8,4,10,293
2023-10-21,172,43,19,149,284,26,350,45,31,101,27,0,24.6,5,10,294
2023-10-22,188,51,18,206,201,28,350,45,32,103,27,0,19.7,6,10,295
2023-10-23,188,56,18,172,228,32,350,45,32,103,27,0,17.1,0,10,296
2023-10-24,189,58,21,166,238,15,350,45,32,103,28,0,18.8,1,10,297
2023-10-25,198,51,20,165,233,12,350,45,32,104,28,0,17.9,2,10,298
2023-10-26,183,36,15,177,269,30,350,45,32,102,25,0,19.8,3,10,299
2023-10-27,190,40,19,161,243,13,350,45,32,103,27,0,24.2,4,10,300
2023-10-28,150,36,13,164,226,27,350,45,31,98,24,0,23.1,5,10,301
2023-10-29,175,48,15,160,217,36,350,45,32,101,25,0,23.3,6,10,302
2023-10-30,229,65,19,152,199,22,350,45,34,108,27,0,22.7,0,10,303
2023-10-31,194,47,20,133,216,31,350,45,32,104,28,0,19.0,1,10,304
2023-11-01,211,41,22,142,198,24,350,45,33,106,29,0,21.4,2,11,305
2023-11-02,212,46,20,188,205,26,350,45,33,106,28,0,19.5,3,11,306
2023-11-03,204,36,20,164,270,21,350,45,33,105,28,0,15.8,4,11,307
2023-11-04,165,41,17,178,253,20,350,45,31,100,26,0,17.1,5,11,308
2023-11-05,153,43,16,170,244,22,350,45,31,99,26,0,24.2,6,11,309
2023-11-06,211,58,25,181,221,19,350,45,33,106,30,0,17.9,0,11,310
2023-11-07,215,53,21,142,218,31,350,45,33,106,28,0,20.3,1,11,311
2023-11-08,207,49,20,132,229,20,350,45,33,105,28,0,20.3,2,11,312
2023-11-09,195,29,19,175,207,18,350,45,32,104,27,0,15.3,3,11,313
2023-11-10,216,45,21,194,198,18,350,45,33,107,28,0,17.5,4,11,314
2023-11-11,162,37,14,170,243,28,350,45,31,100,25,0,17.5,5,11,315
2023-11-12,171,42,18,170,236,23,350,45,31,101,27,1,18.6,6,11,316
2023-11-13,186,58,18,186,228,23,350,45,32,103,27,0,17.6,0,11,317
2023-11-14,207,42,23,119,213,20,350,45,33,105,29,0,21.5,1,11,318
2023-11-15,221,51,20,151,185,30,350,45,33,107,28,0,17.6,2,11,319
2023-11-16,199,37,20,158,236,25,350,45,32,104,28,0,16.8,3,11,320
2023-11-17,218,59,19,160,208,25,350,45,33,107,27,0,22.3,4,11,321
2023-11-18,152,46,16,176,272,22,350,45,31,99,26,0,21.7,5,11,322
2023-11-19,169,50,15,170,240,36,350,45,31,101,25,0,19.7,6,11,323
2023-11-20,206,64,25,192,247,20,350,45,33,105,30,0,20.3,0,11,324
2023-11-21,240,69,25,117,217,23,350,45,34,110,30,0,21.6,1,11,325
2023-11-22,203,49,18,157,248,23,350,45,33,105,27,0,21.4,2,11,326
2023-11-23,228,47,21,158,208,28,350,45,34,108,28,0,13.6,3,11,327
2023-11-24,190,45,21,206,213,29,350,45,32,103,28,0,17.0,4,11,328
2023-11-25,203,54,23,178,239,12,350,45,33,105,29,0,20.8,5,11,329
2023-11-26,192,50,18,206,249,32,350,45,32,104,27,0,17.1,6,11,330
2023-11-27,205,52,21,155,249,15,350,45,33,105,28,0,14.9,0,11,331
2023-11-28,222,60,21,175,188,29,350,45,33,107,28,0,13.1,1,11,332
2023-11-29,217,44,19,154,221,22,350,45,33,107,27,0,18.9,2,11,333
2023-11-30,243,42,26,165,229,15,350,45,34,110,31,0,16.5,3,11,334
2023-12-01,215,53,26,178,226,16,350,45,33,106,31,0,12.5,4,12,335
2023-12-02,190,42,25,185,226,30,350,45,32,103,30,0,20.7,5,12,336
2023-12-03,164,48,21,197,276,28,350,45,31,100,28,0,12.6,6,12,337
2023-12-04,235,71,31,182,212,22,350,45,34,109,33,0,13.8,0,12,338
2023-12-05,234,57,28,157,210,29,350,45,34,109,32,0,14.6,1,12,339
2023-12-06,234,58,29,137,207,16,350,45,34,109,32,0,17.5,2,12,340
2023-12-07,237,41,26,213,197,23,350,45,34,109,31,0,17.6,3,12,341
2023-12-08,205,33,25,207,219,17,350,45,33,105,30,0,15.0,4,12,342
2023-12-09,212,52,25,206,220,25,350,45,33,106,30,0,13.6,5,12,343
2023-12-10,212,68,25,215,235,30,350,45,33,106,30,0,17.5,6,12,344
2023-12-11,220,59,27,164,217,11,350,45,33,107,31,0,19.5,0,12,345
2023-12-12,227,71,28,179,193,17,350,45,34,108,32,0,14.8,1,12,346
2023-12-13,239,54,26,166,211,16,350,45,34,109,31,0,18.1,2,12,347
2023-12-14,220,39,24,184,220,23,350,45,33,107,30,0,15.8,3,12,348
2023-12-15,369,84,39,188,181,12,350,45,34,110,32,0,15.9,4,12,349
2023-12-16,205,44,26,183,190,35,350,45,33,105,31,0,12.7,5,12,350
2023-12-17,208,64,23,175,223,33,350,45,33,106,29,0,15.6,6,12,351
2023-12-18,260,82,29,227,168,19,350,45,35,112,32,0,22.0,0,12,352
2023-12-19,245,71,31,191,208,12,350,45,34,110,33,0,13.0,1,12,353
2023-12-20,244,52,29,180,215,17,350,45,34,110,32,0,14.9,2,12,354
2023-12-21,238,42,28,211,228,28,350,45,34,109,32,0,16.1,3,12,355
2023-12-22,258,53,30,207,180,8,350,45,35,112,33,0,11.4,4,12,356
2023-12-23,237,58,32,211,274,12,350,45,34,109,34,0,16.7,5,12,357
2023-12-24,236,73,25,192,224,23,350,45,34,109,30,0,23.4,6,12,358
2023-12-25,254,74,29,224,218,8,350,45,35,111,32,1,15.9,0,12,359
2023-12-26,274,78,32,210,182,11,350,45,35,114,34,0,14.4,1,12,360
2023-12-27,271,68,34,213,196,10,350,45,35,113,35,0,12.0,2,12,361
2023-12-28,255,51,30,216,224,17,350,45,35,111,33,0,18.7,3,12,362
2023-12-29,229,52,27,247,195,26,350,45,34,108,31,0,15.9,4,12,363
2023-12-30,242,63,31,236,191,17,350,45,34,110,33,0,13.3,5,12,364
2023-12-31,238,73,26,200,205,18,350,45,34,109,31,1,16.5,6,12,365
2024-01-01,263,73,28,202,177,18,350,45,35,112,32,1,10.3,0,1,1
2024-01-02,266,81,30,192,186,20,350,45,35,113,33,0,18.1,1,1,2
2024-01-03,280,81,34,193,182,8,350,45,36,115,35,0,15.1,2,1,3
2024-01-04,290,66,35,231,195,13,350,45,36,116,35,0,14.2,3,1,4
2024-01-05,267,49,27,228,204,22,350,45,35,113,31,0,16.1,4,1,5
2024-01-06,231,54,27,229,177,22,350,45,34,108,31,0,15.5,5,1,6
2024-01-07,253,63,26,241,241,15,350,45,35,111,31,0,13.5,6,1,7
2024-01-08,293,80,35,206,176,10,350,45,36,116,35,0,11.3,0,1,8
2024-01-09,283,86,36,191,189,2,350,45,36,115,36,0,11.9,1,1,9
2024-01-10,291,86,36,218,175,20,350,45,36,116,36,0,12.7,2,1,10
2024-01-11,296,67,34,252,160,12,350,45,36,117,35,0,19.9,3,1,11
2024-01-12,293,58,34,229,170,5,350,45,36,116,35,0,15.7,4,1,12
2024-01-13,263,62,29,255,199,15,350,45,35,112,32,0,17.3,5,1,13
2024-01-14,253,71,31,265,211,12,350,45,35,111,33,0,13.4,6,1,14
2024-01-15,282,76,34,250,145,13,350,45,36,115,35,0,12.3,0,1,15
2024-01-16,298,84,35,235,147,6,350,45,36,117,35,0,12.8,1,1,16
2024-01-17,310,77,33,208,147,6,350,45,37,118,34,0,12.4,2,1,17
2024-01-18,307,74,38,234,186,11,350,45,37,118,37,0,15.6,3,1,18
2024-01-19,282,62,33,276,176,8,350,45,36,115,34,0,19.2,4,1,19
2024-01-20,283,60,33,263,217,14,350,45,36,115,34,0,12.3,5,1,20
2024-01-21,290,75,36,250,159,10,350,45,36,116,36,0,13.1,6,1,21
2024-01-22,311,94,36,255,137,6,350,45,37,118,36,0,15.7,0,1,22
2024-01-23,323,87,35,241,155,6,350,45,37,120,35,0,19.6,1,1,23
2024-01-24,307,84,37,234,163,14,350,45,37,118,36,0,17.3,2,1,24
2024-01-25,324,70,37,254,122,3,350,45,37,120,36,0,14.1,3,1,25
2024-01-26,283,57,37,268,158,11,350,45,36,115,36,1,16.4,4,1,26
2024-01-27,287,54,31,274,157,13,350,45,36,115,33,0,13.9,5,1,27
2024-01-28,290,75,33,273,156,10,350,45,36,116,34,0,19.2,6,1,28
2024-01-29,323,93,41,249,180,2,350,45,37,120,38,0,16.9,0,1,29
2024-01-30,314,95,40,256,203,2,350,45,37,119,38,0,15.2,1,1,30
2024-01-31,328,88,41,250,131,6,350,45,38,121,38,0,20.9,2,1,31
2024-02-01,325,83,38,259,127,8,350,45,38,120,37,0,15.6,3,2,32
2024-02-02,340,68,41,261,141,11,350,45,38,122,38,0,14.7,4,2,33
2024-02-03,294,54,35,274,186,11,350,45,36,116,35,0,14.7,5,2,34
2024-02-04,317,72,41,290,201,4,350,45,37,119,38,0,20.9,6,2,35
2024-02-05,327,97,40,300,140,5,350,45,38,120,38,0,13.6,0,2,36
2024-02-06,349,98,39,243,141,4,350,45,38,123,37,0,12.2,1,2,37
2024-02-07,336,90,44,248,176,2,350,45,38,122,40,0,16.0,2,2,38
2024-02-08,346,74,40,282,143,9,350,45,38,123,38,0,12.7,3,2,39
2024-02-09,329,64,43,294,134,2,350,45,38,121,39,0,15.1,4,2,40
2024-02-10,312,64,36,267,160,10,350,45,37,119,36,0,13.9,5,2,41
2024-02-11,296,74,36,309,138,2,350,45,36,117,36,0,17.6,6,2,42
2024-02-12,357,104,41,283,145,2,350,45,39,124,38,0,12.8,0,2,43
2024-02-13,355,101,43,260,143,5,350,45,39,124,39,0,20.7,1,2,44
2024-02-14,332,85,41,257,133,11,350,45,38,121,38,0,14.8,2,2,45
2024-02-15,340,76,38,300,138,2,350,45,38,122,37,0,14.6,3,2,46
2024-02-16,344,70,39,305,149,4,350,45,38,123,37,0,17.9,4,2,47
2024-02-17,297,52,33,277,178,13,350,45,36,117,34,0,17.8,5,2,48
2024-02-18,333,94,37,279,138,3,350,45,38,121,36,0,14.2,6,2,49
2024-02-19,358,101,41,294,125,2,350,45,39,124,38,0,14.6,0,2,50
2024-02-20,346,105,41,250,142,2,350,45,38,123,38,0,18.6,1,2,51
2024-02-21,355,91,42,282,110,4,350,45,39,124,39,0,14.0,2,2,52
2024-02-22,369,85,45,316,132,2,350,45,39,126,40,0,16.9,3,2,53
2024-02-23,354,69,42,294,134,2,350,45,39,124,39,0,10.9,4,2,54
2024-02-24,315,65,40,309,195,2,350,45,37,119,38,0,14.6,5,2,55
2024-02-25,318,78,37,293,148,9,350,45,37,119,36,0,17.3,6,2,56
2024-02-26,348,110,40,296,72,5,350,45,38,123,38,0,18.3,0,2,57
2024-02-27,336,106,40,269,149,10,350,45,38,122,38,0,21.1,1,2,58
2024-02-28,337,90,40,261,151,13,350,45,38,122,38,0,17.2,2,2,59
2024-02-29,367,80,45,305,123,5,350,45,39,125,40,0,23.4,3,2,60
2024-03-01,350,66,37,282,132,3,350,45,39,123,36,0,19.7,4,3,61
2024-03-02,312,58,33,271,130,8,350,45,37,119,34,0,18.6,5,3,62
2024-03-03,323,82,33,307,150,13,350,45,37,120,34,0,17.5,6,3,63
2024-03-04,351,104,33,291,103,27,350,45,39,123,34,0,20.2,0,3,64
2024-03-05,321,96,33,264,147,6,350,45,37,120,34,0,12.4,1,3,65
2024-03-06,344,88,35,276,170,8,350,45,38,123,35,0,21.5,2,3,66
2024-03-07,337,74,29,290,125,18,350,45,38,122,32,0,20.6,3,3,67
2024-03-08,336,60,33,283,146,9,350,45,38,122,34,1,23.4,4,3,68
2024-03-09,347,70,35,301,134,14,350,45,38,123,35,0,17.1,5,3,69
2024-03-10,301,79,32,293,176,13,350,45,37,117,34,0,19.5,6,3,70
2024-03-11,357,97,35,282,156,12,350,45,39,124,35,0,25.4,0,3,71
2024-03-12,332,100,32,300,142,11,350,45,38,121,34,0,21.2,1,3,72
2024-03-13,362,91,34,267,120,5,350,45,39,125,35,0,21.6,2,3,73
2024-03-14,347,67,32,308,172,12,350,45,38,123,34,0,22.3,3,3,74
2024-03-15,326,59,32,275,164,12,350,45,38,120,34,0,17.3,4,3,75
2024-03-16,292,54,29,310,188,18,350,45,36,116,32,0,20.3,5,3,76
2024-03-17,331,73,34,308,126,8,350,45,38,121,35,0,18.7,6,3,77
2024-03-18,341,95,32,284,178,14,350,45,38,122,34,0,23.3,0,3,78
2024-03-19,337,104,35,230,191,8,350,45,38,122,35,0,21.0,1,3,79
2024-03-20,351,93,37,268,127,12,350,45,39,123,36,0,25.6,2,3,80
2024-03-21,360,81,37,300,149,3,350,45,39,125,36,0,24.1,3,3,81
2024-03-22,356,70,33,296,132,14,350,45,39,124,34,0,22.2,4,3,82
2024-03-23,329,63,31,297,171,13,350,45,38,121,33,0,21.9,5,3,83
2024-03-24,315,75,29,309,170,15,350,45,37,119,32,0,24.1,6,3,84
2024-03-25,333,93,33,302,143,8,350,45,38,121,34,0,20.7,0,3,85
2024-03-26,355,98,34,286,126,12,350,45,39,124,35,0,27.5,1,3,86
2024-03-27,336,92,31,283,154,19,350,45,38,122,33,0,18.6,2,3,87
2024-03-28,350,77,35,285,135,10,350,45,39,123,35,0,21.6,3,3,88
2024-03-29,333,60,34,286,162,8,350,45,38,121,35,0,24.4,4,3,89
2024-03-30,301,54,29,295,133,15,350,45,37,117,32,0,18.9,5,3,90
2024-03-31,298,73,30,299,169,17,350,45,36,117,33,0,21.8,6,3,91
2024-04-01,345,96,34,273,160,18,350,45,38,123,35,0,23.0,0,4,92
2024-04-02,334,89,30,250,132,17,350,45,38,121,33,0,24.8,1,4,93
2024-04-03,314,86,28,246,155,14,350,45,37,119,32,0,22.6,2,4,94
2024-04-04,344,78,34,287,141,8,350,45,38,123,35,0,28.8,3,4,95
2024-04-05,325,74,31,272,179,7,350,45,38,120,33,0,24.3,4,4,96
2024-04-06,287,67,27,263,190,24,350,45,36,115,31,0,21.7,5,4,97
2024-04-07,312,74,32,293,142,18,350,45,37,119,34,0,27.4,6,4,98
2024-04-08,318,93,29,284,176,15,350,45,37,119,32,0,26.8,0,4,99
2024-04-09,498,187,50,243,143,9,350,45,38,121,36,0,23.3,1,4,100
2024-04-10,354,98,35,264,123,5,350,45,39,124,35,0,24.6,2,4,101
2024-04-11,311,70,31,266,165,19,350,45,37,118,33,0,27.8,3,4,102
2024-04-12,333,58,32,274,159,17,350,45,38,121,34,0,26.1,4,4,103
2024-04-13,287,55,28,302,163,25,350,45,36,115,32,0,20.6,5,4,104
2024-04-14,313,65,32,262,166,12,350,45,37,119,34,1,28.2,6,4,105
2024-04-15,316,94,31,276,169,16,350,45,37,119,33,0,25.4,0,4,106
2024-04-16,317,98,29,250,143,5,350,45,37,119,32,0,30.1,1,4,107
2024-04-17,532,171,51,289,98,10,350,45,39,124,36,0,30.5,2,4,108
2024-04-18,345,72,34,285,153,13,350,45,38,123,35,0,23.9,3,4,109
2024-04-19,323,60,34,277,143,5,350,45,37,120,35,0,25.4,4,4,110
2024-04-20,280,60,27,304,182,25,350,45,36,115,31,0,25.5,5,4,111
2024-04-21,297,79,32,279,157,7,350,45,36,117,34,0,27.1,6,4,112
2024-04-22,314,88,30,275,147,5,350,45,37,119,33,0,27.1,0,4,113
2024-04-23,321,94,35,239,139,5,350,45,37,120,35,0,27.7,1,4,114
2024-04-24,311,79,31,254,158,13,350,45,37,118,33,0,27.2,2,4,115
2024-04-25,335,79,33,265,102,2,350,45,38,121,34,0,29.3,3,4,116
2024-04-26,310,61,30,270,137,8,350,45,37,118,33,0,25.8,4,4,117
2024-04-27,273,58,26,262,184,22,350,45,35,114,31,0,23.5,5,4,118
2024-04-28,256,63,25,286,203,21,350,45,35,112,30,0,25.2,6,4,119
2024-04-29,303,87,26,254,160,18,350,45,37,117,31,0,24.0,0,4,120
2024-04-30,330,82,31,230,173,17,350,45,38,121,33,0,27.4,1,4,121
